disease_id,common_name,crop,pathogen,temp_min,temp_max,humidity_min,rain_sensitive,risk_description,treatment_protocol,organic_remedies,prevention,is_healthy
tomato_early_blight,Tomato Early Blight,Tomato,Alternaria solani (Fungus),20,30,60,False,Warm and humid conditions accelerate lesion spread with concentric rings.,Apply protectant fungicide (mancozeb or chlorothalonil). Remove lower infected leaves. Maintain dry canopy.,Copper octanoate spray; neem oil; dilute potassium bicarbonate (3g/L).,Rotate solanaceous crops every 2-3 seasons; use drip irrigation; stake and prune indeterminate vines.,False
tomato_late_blight,Tomato Late Blight,Tomato,Phytophthora infestans (Oomycete),10,25,80,True,Cool moist nights and wet foliage create rapid epidemic contagion.,Act immediately — late blight spreads rapidly. Apply systemic fungicide (mefenoxam or cymoxanil) within 24 hours.,Preventative fixed copper spray (Bordeaux mixture); Bacillus subtilis biofungicide.,Destroy infected cull piles; plant resistant cultivars (e.g. Mountain Magic); avoid night-time overhead watering.,False
tomato_healthy,Tomato Healthy,Tomato,None (Healthy),18,32,40,False,Canopy is vigorous with normal photosynthetic activity and no active pathogen.,No treatment required. Maintain balanced N-P-K fertilization and weekly inspection.,Compost mulch to preserve soil microbiome; companion planting with marigold and basil.,Routine surveillance every 3-5 days; sanitize pruning shears between plants.,True
potato_early_blight,Potato Early Blight,Potato,Alternaria solani (Fungus),20,30,60,False,Warm days and heavy dew favor leaf spot expansion and premature senescence.,Apply protectant fungicide (chlorothalonil or azoxystrobin). Ensure adequate nitrogen nutrition.,Bacillus amyloliquefaciens microbial inoculant; copper hydroxide formulation.,Avoid planting adjacent to older solanaceous fields; hill soil properly to protect tubers from spores.,False
potato_late_blight,Potato Late Blight,Potato,Phytophthora infestans (Oomycete),10,25,80,True,Rainfall and high humidity trigger airborne sporangia dispersal and tuber rot.,Apply targeted translaminar fungicides (fluopicolide, cyazofamid). Defoliate dying haulms before harvest.,Copper sulphate lime mixture; bio-fungicides with Trichoderma harzianum.,Use certified disease-free seed tubers; monitor local blight forecast alerts; ensure deep hilling.,False
potato_healthy,Potato Healthy,Potato,None (Healthy),15,28,45,False,Foliage shows vibrant green tissue with intact cuticle and optimal transpiration.,No intervention needed. Continue regular irrigation scheduling and soil scouting.,Organic fish emulsion foliar feed; straw mulching for moisture retention.,Inspect field margins weekly for early aphid vectors and localized leaf spot spots.,True
pepper_bacterial_spot,Pepper Bacterial Leaf Spot,Pepper,Xanthomonas campestris pv. vesicatoria (Bacteria),24,32,70,True,Warm temperatures and rainfall create splashing bacterial inoculum across plants.,Spray fixed copper bactericide combined with mancozeb. Avoid handling wet plants.,Copper octanoate; liquid garlic extract spray; Streptomyces lydicus bio-bactericide.,Use hot-water treated or certified disease-free seed; drip irrigate; remove volunteers immediately.,False
pepper_healthy,Pepper Healthy,Pepper,None (Healthy),20,32,45,False,Stems and leaves exhibit normal turgor with clear lamina and healthy chloroplastic activity.,No treatment required. Maintain consistent soil moisture to prevent blossom end rot.,Neem cake soil amendment; vermicompost top dressing.,Scout weekly for thrips and mites; ensure adequate calcium and magnesium availability.,True
corn_common_rust,Corn Common Rust,Corn,Puccinia sorghi (Fungus),16,25,70,False,Moderate temperatures and high humidity accelerate urediniospore germination on leaf surfaces.,Apply strobilurin or triazole fungicides at first sign of pustules on upper canopy leaves.,Sulfur dust; bio-fungicides containing Bacillus pumilus; potassium silicate foliar wash.,Plant resistant corn hybrids; early planting to avoid late-season airborne spore showers.,False
corn_healthy,Corn Healthy,Corn,None (Healthy),18,34,40,False,Vigorous vegetative growth with strong stalk structural integrity and clean green foliage.,No fungicide needed. Maintain side-dress nitrogen schedule and weed-free field rows.,Seaweed foliar tonic; mycorrhizal root inoculant.,Ensure proper plant density and airflow; monitor whorls periodically for pest damage.,True
